Keywords,Search Volume,Competing Products
chicken shredder,182398,>523
chicken shredder tool twist,22604,>354
wedding registry items,6973,>736
mini chopper,3967,>5000
chicken shredder tool,3139,>453
chicken accessories,2846,>30000
chicken breast shredder,1300,343
processor,1298,>5000
chicken shredder amazon,865,302
mini blender food processor,735,>771
chicken grinder,678,>1000
shredded chicken tool,510,459
choper,462,296
cluckmaster chicken shredder,452,0
chicken shredder large chicken breast shredder tool,449,0
chicken shreader,447,>527
shredder chicken,440,>478
garlic blender,439,>1000
top selling items on amazon,439,>30000
amazon chicken shredder,432,315
small chopper mini,430,>5000
shredder for chicken,424,>518
black and decker chopper,415,265
food blender small,413,>80000
chicken shreder,403,>522
chicken mincer shredder,400,0
salsa blender,390,>4000
shred chicken tool,387,>518
small veggie chopper,373,>3000
chicken sheedder,371,>532
chicken ahredder,371,>515
toastmaster mini chopper,368,88
black and decker mini chopper,361,193
mini food blender,353,>4000
chicken shedder,331,>522
electric garlic press,329,>511
food processor small mini,329,>657
chicken grinder shredder,324,>506
chicken shreddar,314,>535
chicken shreeder,314,>504
mini electric food processor,306,>507
radwish chicken shredder,299,224
black decker chopper,299,238
manual chicken shredder,295,>372
vegetable chopper small,290,>5000
mini onion chopper,290,>736
twist chicken shredder,284,357
small food chopper mini,283,>813
black and decker mini food processor,281,209
automatic vegetable cutter,279,>514
black and decker handy chopper,278,185
meat shredded tool,276,>691
electric mini food processor,251,>517
chicken shreddee,244,>521
food chopper mini,242,>862
mini food grinder,236,>1000
chicken schredder,231,>497
shredding chicken gadget,229,318
black and decker mini chopper electric,224,222
hundop chicken shredder tool twist,222,221
garlic processor,217,>1000
mini processor,216,>902
mini vegetable chopper,216,>862
shredding chicken tool,210,>572
circle chicken shredder,185,254
handy chopper black and decker,182,156
kitchen gifts under 50,175,>3000
food chopper black and decker,175,341
suretivian chicken shredder large chicken breast shredder tool twist,175,219
easy chicken shredder,173,>505
small onion chopper,173,>2000
seasoning blender,171,>20000
shredmachine for chicken,164,239
round chicken shredder,164,277
kitchen prime deals,162,>100000
top products on amazon 2024,161,>729
black and decker handy chopper plus,156,129
chciken shredder,154,>499
turkey shredder,149,349
mini choppers for the kitchen,148,385
cooked chicken breast shredder,144,620
everyday use gifts,143,>100000
gadgets best sellers 2024,143,132
chicken shredder to,142,>565
onion blender,141,>713
advanced mini chopper,139,189
chicken shredder amaztify,134,248
nice kitchen stuff,130,70000
spinach cutter,129,373
baked chicken shredder,122,250
wedding registry gifts for men,119,>353
mens gadgets 2024,119,245
shred king meat shredder,116,295
kitchen mini chopper,115,>4000
chicken shredder device,101,254
spice chopper,94,>2000
surethivan chicken shredder large,92,205
most used kitchen items,89,>30000
garlic blender mini,87,394
kitchen gift ideas,87,>100000
ginger chopper,84,426
rotary chicken shredder,83,277
life hack products,81,252
gifts for people who cook,77,328
surethivan chicken shredder,73,199
chicken meat shredder twist,72,>386
b0cjn8zwl1,70,1
bomeon chicken shredder,70,235
premium chicken shredder,68,344
chicken shredde,67,>509
giant grinder for chicken,67,>7000
meat shredded,63,281
chicken shredder 2 pack,62,346
hundop chicken shredder,60,228
gifts for foodies and cooks,57,>8000
chicken shredded tool,56,419
chicken destroyer shredder,53,233
best chicken shredder tool,48,>503
the chicken shredder,48,>516
chicken sreader,44,>518
chicken shredder twist,43,>352
avefare chicken shredder tool twist,37,214
cooking idea gifts,37,>100000
chicken dhredder,36,>523
black and decker chopper mini,35,196
chicken shredder tool twist best seller,34,264
hand chicken shredder,34,>400
mini veggie chopper,34,>697
meat shredders for home use,30,>674
zaanzeer chicken shredder tool,23,231
mini spice chopper,22,>1000
chocken shredder,20,>484
food prep gifts,20,>10000
hicken shredder,19,>513
shredder for meat,16,>1000
mens must haves 2024,15,>316
chicken shredder gadget,13,>411
chicken breast shredder tool,0,645
the ultimate chopper,0,377
best sellers in home and kitchen,0,>30000
chicken shredded twist,0,189
circular chicken shredder,0,254
lightening deals today,0,>3000
kalokelvin food chopper,0,152
rotating meat shredder,0,449
grinder for garlic,0,>30000
miracle chicken shredder,0,227
peaho chicken shredder,0,227
picalo todo,0,26
rival mini chopper,0,147
gifts for around the house,0,>80000
mini choper,0,>5000
chopper 1,0,>3000
twist and shred chicken,0,261
chicken shredder container,0,224
crusher electric,0,>9000
