Keywords,Marketplace,"Search Volume","Competing Products"
"zaanzeer chicken shredder tool",www.amazon.com,23,231
"amazon chicken shredder",www.amazon.com,432,315
"aparato para desmenuzar el pollo",www.amazon.com,90,167
"avefare chicken shredder tool twist",www.amazon.com,37,214
"baked chicken shredder",www.amazon.com,122,250
"best chicken shredder tool",www.amazon.com,48,>503
"bomeon chicken shredder",www.amazon.com,70,235
"chciken shredder",www.amazon.com,154,>499
"chicken ahredder",www.amazon.com,371,>515
"chicken breast shredder",www.amazon.com,1300,343
"chicken breast shredders",www.amazon.com,13,316
"chicken breast shredder tool",www.amazon.com,0,645
"chicken destroyer shredder",www.amazon.com,53,233
"chicken dhredder",www.amazon.com,36,>523
"chicken grinder",www.amazon.com,678,>1000
"chicken grinder shredder",www.amazon.com,324,>506
"chicken meat shredder twist",www.amazon.com,72,>386
"chicken mincer shredder",www.amazon.com,400,0
"chicken schredder",www.amazon.com,231,>497
"chicken shedder",www.amazon.com,331,>522
"chicken sheedder",www.amazon.com,371,>532
"chicken shreader",www.amazon.com,447,>527
"chicken shreddar",www.amazon.com,314,>535
"chicken shredde",www.amazon.com,67,>509
"chicken shredded tool",www.amazon.com,56,419
"chicken shredded twist",www.amazon.com,0,189
"chicken shreddee",www.amazon.com,244,>521
"chicken shredder",www.amazon.com,182398,>523
"chicken shredder ￼",www.amazon.com,55,>602
"chicken shredder￼",www.amazon.com,864,>530
"chicken. shredder",www.amazon.com,275,>516
"chicken shredder 2 pack",www.amazon.com,62,346
"chicken shredder amazon",www.amazon.com,865,302
"chicken shredder amaztify",www.amazon.com,134,248
"chicken shredder container",www.amazon.com,0,224
"chicken shredder device",www.amazon.com,101,254
"chicken shredder gadget",www.amazon.com,13,>411
"chicken shredder large chicken breast shredder tool",www.amazon.com,449,0
"chicken shredders",www.amazon.com,392,>437
"chicken shredder to",www.amazon.com,142,>565
"chicken shredder tool",www.amazon.com,3139,>453
"chicken shredder tools",www.amazon.com,183,>491
"chicken shredder tool twist",www.amazon.com,22604,>354
"chicken shredder tool twist best seller",www.amazon.com,34,264
"chicken shredder twist",www.amazon.com,43,>352
"chicken shreder",www.amazon.com,403,>522
"chicken shreeder",www.amazon.com,314,>504
"chicken sreader",www.amazon.com,44,>518
"chocken shredder",www.amazon.com,20,>484
"circle chicken shredder",www.amazon.com,185,254
"circular chicken shredder",www.amazon.com,0,254
"cluckmaster chicken shredder",www.amazon.com,452,0
"cooked chicken breast shredder",www.amazon.com,144,620
"desebrador de pollo",www.amazon.com,370,261
"desmanchador de pollo",www.amazon.com,168,30
"desmechadora de carne y pollo",www.amazon.com,376,335
"desmenuzador de pollo",www.amazon.com,2317,124
"desmenuzador de pollo y carne",www.amazon.com,452,180
"easy chicken shredder",www.amazon.com,173,>505
"giant grinder for chicken",www.amazon.com,67,>7000
"grinder de pollo",www.amazon.com,47,734
"hand chicken shredder",www.amazon.com,34,>400
"hicken shredder",www.amazon.com,19,>513
"hundop chicken shredder",www.amazon.com,60,228
"hundop chicken shredder tool twist",www.amazon.com,222,221
"manual chicken shredder",www.amazon.com,295,>372
"meat shredded",www.amazon.com,63,281
"meat shredded tool",www.amazon.com,276,>691
"meat shredder￼",www.amazon.com,196,>1000
"meat shredders for home use",www.amazon.com,30,>674
"miracle chicken shredder",www.amazon.com,0,227
"para desmenuzar el pollo",www.amazon.com,92,36
"peaho chicken shredder",www.amazon.com,0,227
"picador de pechuga de pollo",www.amazon.com,35,115
"premium chicken shredder",www.amazon.com,68,344
"radwish chicken shredder",www.amazon.com,299,224
"ripiador de pollo",www.amazon.com,0,241
"rotary chicken shredder",www.amazon.com,83,277
"rotating meat shredder",www.amazon.com,0,449
"round chicken shredder",www.amazon.com,164,277
"shred chicken tool",www.amazon.com,387,>518
"shredded chicken tool",www.amazon.com,510,459
"shredder chicken",www.amazon.com,440,>478
"shredder for chicken",www.amazon.com,424,>518
"shredder for meat",www.amazon.com,16,>1000
"shredders chicken",www.amazon.com,187,>495
"shredding chicken gadget",www.amazon.com,229,318
"shredding chicken tool",www.amazon.com,210,>572
"shred king meat shredder",www.amazon.com,116,295
"shredmachine for chicken",www.amazon.com,164,239
"surethivan chicken shredder",www.amazon.com,73,199
"surethivan chicken shredder large",www.amazon.com,92,205
"suretivian chicken shredder large chicken breast shredder tool twist",www.amazon.com,175,219
"the chicken shredder",www.amazon.com,48,>516
"trituradora de pollo",www.amazon.com,305,260
"triturador de pollo",www.amazon.com,449,282
"turkey shredder",www.amazon.com,149,349
"twist and shred chicken",www.amazon.com,0,261
"twist chicken shredder",www.amazon.com,284,357
"twist & turn meat shredder",www.amazon.com,212,263
"마늘 다지기",www.amazon.com,176,72
"advanced mini chopper",www.amazon.com,139,189
"articulos para cosina",www.amazon.com,0,115
"automatic vegetable cutter",www.amazon.com,279,>514
b0cjn8zwl1,www.amazon.com,70,1
b0czdzvbp8|b076mjsrrc|b09phqzyrf|b0cgnz7bgr|b0c36by1kl|b0cwxql27w|b0cbt7yzg3|b086x4pn48|b0cfw3nydm,www.amazon.com,45,7
"best sellers in home and kitchen",www.amazon.com,0,>30000
"black and decker 1.5 cup chopper",www.amazon.com,44,90
"black and decker chopper",www.amazon.com,415,265
"black and decker chopper mini",www.amazon.com,35,196
"black and decker handy chopper",www.amazon.com,278,185
"black and decker handy chopper plus",www.amazon.com,156,129
"black and decker mini chopper",www.amazon.com,361,193
"black and decker mini chopper electric",www.amazon.com,224,222
"black and decker mini food processor",www.amazon.com,281,209
"black decker 1.5 cup electric food chopper",www.amazon.com,95,180
"black decker chopper",www.amazon.com,299,238
"casas para gallinas",www.amazon.com,66,219
"chicken accessories",www.amazon.com,2846,>30000
choper,www.amazon.com,462,296
"chopper 1",www.amazon.com,0,>3000
"cooking idea gifts",www.amazon.com,37,>100000
"cortador de verduras electrico",www.amazon.com,68,>883
"crusher electric",www.amazon.com,0,>9000
"electric garlic press",www.amazon.com,329,>511
"electric mini food processor",www.amazon.com,251,>517
"electrodomésticos para cocina",www.amazon.com,109,142
"everyday use gifts",www.amazon.com,143,>100000
"food blender small",www.amazon.com,413,>80000
"food chopper black and decker",www.amazon.com,175,341
"food chopper mini",www.amazon.com,242,>862
"food prep gifts",www.amazon.com,20,>10000
"food processor small mini",www.amazon.com,329,>657
"gadgets best sellers 2024",www.amazon.com,143,132
"garlic blender",www.amazon.com,439,>1000
"garlic blender mini",www.amazon.com,87,394
"garlic processor",www.amazon.com,217,>1000
"gifts for around the house",www.amazon.com,0,>80000
"gifts for foodies and cooks",www.amazon.com,57,>8000
"gifts for people who cook",www.amazon.com,77,328
"ginger chopper",www.amazon.com,84,426
"grinder for garlic",www.amazon.com,0,>30000
"handy chopper black and decker",www.amazon.com,182,156
"kalokelvin food chopper",www.amazon.com,0,152
"kitchen gift ideas",www.amazon.com,87,>100000
"kitchen gifts under 50",www.amazon.com,175,>3000
"kitchen mini chopper",www.amazon.com,115,>4000
"kitchen prime deals",www.amazon.com,162,>100000
"kitchen stuff￼",www.amazon.com,263,>100000
"life hack products",www.amazon.com,81,252
"lightening deals today",www.amazon.com,0,>3000
"mens gadgets 2024",www.amazon.com,119,245
"mens must haves 2024",www.amazon.com,15,>316
"mini blender food processor",www.amazon.com,735,>771
"mini choper",www.amazon.com,0,>5000
"mini chopper",www.amazon.com,3967,>5000
"mini choppers for the kitchen",www.amazon.com,148,385
"mini electric food processor",www.amazon.com,306,>507
"mini food blender",www.amazon.com,353,>4000
"mini food chopper electric 1.5 cup",www.amazon.com,126,187
"mini food grinder",www.amazon.com,236,>1000
"mini-food processor",www.amazon.com,341,>705
"mini food processor 2-cup small electric food chopper",www.amazon.com,0,317
"mini onion chopper",www.amazon.com,290,>736
"mini procesador de alimentos",www.amazon.com,348,536
"mini processor",www.amazon.com,216,>902
"mini spice chopper",www.amazon.com,22,>1000
"mini vegetable chopper",www.amazon.com,216,>862
"mini veggie chopper",www.amazon.com,34,>697
"moledor de ajo",www.amazon.com,429,412
"moledor de sazones",www.amazon.com,124,86
"most used kitchen items",www.amazon.com,89,>30000
"nice kitchen stuff",www.amazon.com,130,70000
"onion blender",www.amazon.com,141,>713
"para picar verduras y vegetales",www.amazon.com,425,446
"picador de especias electrico",www.amazon.com,88,236
"picador de verduras electrico",www.amazon.com,319,763
"picalo todo",www.amazon.com,0,26
"pica todo manual de cocina",www.amazon.com,265,173
"procesador de alimentos",www.amazon.com,4458,>2000
"procesador de comida",www.amazon.com,285,567
processor,www.amazon.com,1298,>5000
"rival mini chopper",www.amazon.com,0,147
"salsa blender",www.amazon.com,390,>4000
"seasoning blender",www.amazon.com,171,>20000
"small chopper mini",www.amazon.com,430,>5000
"small food chopper mini",www.amazon.com,283,>813
"small onion chopper",www.amazon.com,173,>2000
"small veggie chopper",www.amazon.com,373,>3000
"spice chopper",www.amazon.com,94,>2000
"spinach cutter",www.amazon.com,129,373
"suretivian chicken shredder tool",www.amazon.com,N/A,N/A
"the ultimate chopper",www.amazon.com,0,377
"toastmaster mini chopper",www.amazon.com,368,88
"top products on amazon 2024",www.amazon.com,161,>729
"top selling items on amazon",www.amazon.com,439,>30000
"under $100",www.amazon.com,92,>727
"vegetable chopper small",www.amazon.com,290,>5000
"wedding registry gifts for men",www.amazon.com,119,>353
"wedding registry items",www.amazon.com,6973,>736
